searchTerm;Ingredient
aloe;aloe vera
argan;argan oil
azelaic;azelaic acid
azelain;azelaic acid
azelainsäure;azelaic acid
bakuchiol;bakuchiol
biotin;biotin
ceramide;ceramide
kollagen;collagen
collagen;collagen
glycolic;glycolic acid
glykol;glycolic acid
glycerin;gylcerin
hyaluron;hyaluron
keratin;keratin
niacinamid;niacinamide
niacinamide;niacinamide
olivenöl;olivenöl
panthenol;panthenol
peptide;peptide
q10;q10
retinol;retinol
rosmarin;rosemary oil
rosemary;rosemary oil
salicylic acid;salicylic acid
salicyl;salicylic acid
meersalz;sea salt
sea salt;sea salt
sulfate;sulfate
urea;urea
harnstoff;urea
vitamin c;vitamin c
asorbic;vitamin c
asorbin;vitamin c
vitamin e;vitamin e
benzoyl;benzoyl peroxide
zink;zinc
jojoba;jojoba oil
aha;aha
alpha-hydrox;aha
alpha hydrox;aha
bha;bha
beta-hydrox;bha
beta hydrox;bha
poly-hydrox;pha
poly hydrox;pha
lha;lha
lipo-hydrox;lha
lipo hydrox;lha
teebaumöl;tee tree oil
shea;sheabutter
sheabutter;sheabutter
thiamidol;thiamidol
luminous;luminous
ferula;ferulic acid
ferulic;ferulic acid
milchsäure;lactic acid
lactic acid;lactic acid
vitamin a;vitamin a
allantoin;allantoin
green tea;grean tea
grüntee;grean tea
hagebutte;hagebutte
squalan;squalan
titan;titanium dioxide
botox;botox
cbd;cbd
vitamin b;vitamin b
vitamin d;vitamin d
ferment;fermented
flavonoid;flavonoid
melasyl;melasyl
mela b3;melasyl
mexoryl;mexoryl
carnitin;carnitine
linol;linoleic acid
spermidin;spermidine
mikroalge;microalgae
mikro alge;microalgae
microalgae;microalgae
micro algae;microalgae
alge;microalgae
schnecke;snail slime
snail;snail slime
epicelline;epicelline
epigenetic;epicelline
aloe vera;aloe vera
alpha-hydroxysäuren (ahas);aha
arganöl;argan oil
azelain säure;azelaic acid
benzoylperoxid;benzoyl peroxide
beta-hydroxysäuren (bhas);bha
ferulasäure;ferulic acid
glykolsäure;glycolic acid
grüntee-extrakt;grean tea
hagebuttenöl;hagebutte
hyaluronsäure;hyaluron
jojobaöl;jojoba oil
lipo hydroxy acids (lhas);lha
poly-hydroxysäuren (phas);pha
rosmarin öl;rosemary oil
salicylsäure;salicylic acid
schneckenschleim;snail slime
titandioxid;titanium dioxide
tocopherol (vitamin e);vitamin e
vaseline;vaseline
zinkoxid;zinc
beef tallow;beef tallow
beeftallow;beef tallow
rindertalg;beef tallow
rinder talg;beef tallow
beta glucan;beta glucan
beta-glucan;beta glucan
polyglutamin;polyglutamic acid
polyglutamic acid;polyglutamic acid
polyglutamic;polyglutamic acid
